[
{
  "model": "admin.logentry",
  "pk": 1,
  "fields": {
    "action_time": "2021-11-13T11:13:00.296Z",
    "user": 6,
    "content_type": 10,
    "object_id": "fc8fa9c1-59b6-42ba-8eb0-844e26ca52fa",
    "object_repr": "Dining Philosophers Problem",
    "action_flag": 2,
    "change_message": "[{\"changed\": {\"fields\": [\"Topic\", \"Details\", \"Header\", \"Youtube\"]}}, {\"added\": {\"name\": \"problem url\", \"object\": \"https://pages.mtu.edu/~shene/NSF-3/e-Book/MUTEX/TM-example-philos-1.html\"}}, {\"added\": {\"name\": \"problem url\", \"object\": \"https://medium.com/swlh/the-dining-philosophers-problem-bbdb92e6b788\"}}]"
  }
},
{
  "model": "admin.logentry",
  "pk": 2,
  "fields": {
    "action_time": "2021-11-13T11:19:22.603Z",
    "user": 6,
    "content_type": 10,
    "object_id": "3e57ccc4-eaef-41ab-8a92-f8712af83c1e",
    "object_repr": "Readers-Writers Problem",
    "action_flag": 2,
    "change_message": "[{\"changed\": {\"fields\": [\"Topic\", \"Details\", \"Header\", \"Youtube\"]}}, {\"added\": {\"name\": \"problem url\", \"object\": \"https://www.studytonight.com/operating-system/readers-writer-problem\"}}, {\"added\": {\"name\": \"problem url\", \"object\": \"https://afteracademy.com/blog/the-reader-writer-problem-in-operating-system\"}}]"
  }
},
{
  "model": "admin.logentry",
  "pk": 3,
  "fields": {
    "action_time": "2021-11-13T11:21:32.589Z",
    "user": 6,
    "content_type": 10,
    "object_id": "3e57ccc4-eaef-41ab-8a92-f8712af83c1e",
    "object_repr": "Readers-Writers Problem",
    "action_flag": 2,
    "change_message": "[]"
  }
},
{
  "model": "admin.logentry",
  "pk": 4,
  "fields": {
    "action_time": "2021-11-13T11:26:57.116Z",
    "user": 6,
    "content_type": 10,
    "object_id": "39e6a619-daf2-41c4-bcf9-1e7092dbce2c",
    "object_repr": "Towers of Hanoi",
    "action_flag": 2,
    "change_message": "[{\"changed\": {\"fields\": [\"Details\", \"Header\", \"Youtube\"]}}, {\"added\": {\"name\": \"problem url\", \"object\": \"https://www.educative.io/edpresso/what-is-the-tower-of-hanoi-problem\"}}, {\"added\": {\"name\": \"problem url\", \"object\": \"https://www.mathscareers.org.uk/tower-of-hanoi/\"}}]"
  }
},
{
  "model": "admin.logentry",
  "pk": 5,
  "fields": {
    "action_time": "2021-11-13T11:33:47.313Z",
    "user": 6,
    "content_type": 10,
    "object_id": "39bbaa0a-c921-456a-b7a8-c1f2b11f61f4",
    "object_repr": "Create a Binary Search Tree",
    "action_flag": 2,
    "change_message": "[{\"changed\": {\"fields\": [\"Details\", \"Header\", \"Youtube\"]}}, {\"added\": {\"name\": \"problem url\", \"object\": \"https://www.cs.usfca.edu/~galles/visualization/BST.html\"}}]"
  }
},
{
  "model": "admin.logentry",
  "pk": 6,
  "fields": {
    "action_time": "2021-11-13T11:34:30.489Z",
    "user": 6,
    "content_type": 10,
    "object_id": "39bbaa0a-c921-456a-b7a8-c1f2b11f61f4",
    "object_repr": "Create a Binary Search Tree",
    "action_flag": 2,
    "change_message": "[]"
  }
},
{
  "model": "admin.logentry",
  "pk": 7,
  "fields": {
    "action_time": "2021-11-13T11:38:35.943Z",
    "user": 6,
    "content_type": 10,
    "object_id": "36172c39-6046-4f9d-bc28-a6d1843115bc",
    "object_repr": "Dijkstra's Algorithm",
    "action_flag": 2,
    "change_message": "[{\"changed\": {\"fields\": [\"Topic\", \"Header\", \"Youtube\"]}}, {\"added\": {\"name\": \"problem url\", \"object\": \"https://brilliant.org/wiki/dijkstras-short-path-finder/\"}}, {\"added\": {\"name\": \"problem url\", \"object\": \"https://www.programiz.com/dsa/dijkstra-algorithm\"}}]"
  }
},
{
  "model": "admin.logentry",
  "pk": 8,
  "fields": {
    "action_time": "2021-11-13T11:39:40.728Z",
    "user": 6,
    "content_type": 10,
    "object_id": "39bbaa0a-c921-456a-b7a8-c1f2b11f61f4",
    "object_repr": "Create a Binary Search Tree",
    "action_flag": 2,
    "change_message": "[{\"changed\": {\"fields\": [\"Topic\"]}}]"
  }
},
{
  "model": "admin.logentry",
  "pk": 9,
  "fields": {
    "action_time": "2021-11-13T11:45:08.693Z",
    "user": 6,
    "content_type": 10,
    "object_id": "a50727c5-150c-48e7-b964-9da41bc6c66b",
    "object_repr": "Static Arrays",
    "action_flag": 1,
    "change_message": "[{\"added\": {}}, {\"added\": {\"name\": \"problem url\", \"object\": \"https://www.geeksforgeeks.org/introduction-to-arrays/\"}}, {\"added\": {\"name\": \"problem url\", \"object\": \"https://docs.oracle.com/javase/tutorial/java/nutsandbolts/arrays.html\"}}]"
  }
},
{
  "model": "admin.logentry",
  "pk": 10,
  "fields": {
    "action_time": "2021-11-13T11:48:26.060Z",
    "user": 6,
    "content_type": 10,
    "object_id": "352a25a4-c503-4125-bcd7-555c13a150f8",
    "object_repr": "Dynamic Arrays",
    "action_flag": 1,
    "change_message": "[{\"added\": {}}, {\"added\": {\"name\": \"problem url\", \"object\": \"https://press.rebus.community/programmingfundamentals/chapter/fixed-and-dynamic-arrays/#:~:text=A%20dynamic%20array%20is%20a,to%20be%20specified%20at%20allocation.\"}}]"
  }
},
{
  "model": "admin.logentry",
  "pk": 11,
  "fields": {
    "action_time": "2021-11-13T12:00:35.870Z",
    "user": 6,
    "content_type": 10,
    "object_id": "ff7cbee6-4736-4b57-b197-f8741ed2238d",
    "object_repr": "Create a Linked List",
    "action_flag": 1,
    "change_message": "[{\"added\": {}}, {\"added\": {\"name\": \"problem url\", \"object\": \"https://www.programiz.com/dsa/linked-list\"}}]"
  }
},
{
  "model": "admin.logentry",
  "pk": 12,
  "fields": {
    "action_time": "2021-11-13T12:04:18.799Z",
    "user": 6,
    "content_type": 10,
    "object_id": "ccf103bf-ce6a-43a0-9fa0-f8c4f3fef4be",
    "object_repr": "Reverse a Linked List",
    "action_flag": 1,
    "change_message": "[{\"added\": {}}, {\"added\": {\"name\": \"problem url\", \"object\": \"https://favtutor.com/blogs/reverse-a-linked-list-cpp\"}}]"
  }
},
{
  "model": "admin.logentry",
  "pk": 13,
  "fields": {
    "action_time": "2021-11-13T12:10:52.980Z",
    "user": 6,
    "content_type": 10,
    "object_id": "e3ca0d9f-7d3b-4a44-bd95-f3b2a15d2248",
    "object_repr": "Implement a Doubly Linked List",
    "action_flag": 1,
    "change_message": "[{\"added\": {}}, {\"added\": {\"name\": \"problem url\", \"object\": \"https://www.javatpoint.com/doubly-linked-list\"}}, {\"added\": {\"name\": \"problem url\", \"object\": \"https://www.programiz.com/dsa/doubly-linked-list\"}}]"
  }
},
{
  "model": "admin.logentry",
  "pk": 14,
  "fields": {
    "action_time": "2021-11-13T12:12:06.762Z",
    "user": 6,
    "content_type": 10,
    "object_id": "e3ca0d9f-7d3b-4a44-bd95-f3b2a15d2248",
    "object_repr": "Implement a Doubly Linked List",
    "action_flag": 2,
    "change_message": "[]"
  }
},
{
  "model": "admin.logentry",
  "pk": 15,
  "fields": {
    "action_time": "2021-11-13T12:17:18.592Z",
    "user": 6,
    "content_type": 10,
    "object_id": "44c9dabb-1623-4139-89ca-abf5d84c3f3e",
    "object_repr": "Implement a Stacks using Array",
    "action_flag": 1,
    "change_message": "[{\"added\": {}}, {\"added\": {\"name\": \"problem url\", \"object\": \"http://www.btechsmartclass.com/data_structures/stack-using-array.html\"}}, {\"added\": {\"name\": \"problem url\", \"object\": \"http://www.btechsmartclass.com/data_structures/stack-using-array.html\"}}]"
  }
},
{
  "model": "admin.logentry",
  "pk": 16,
  "fields": {
    "action_time": "2021-11-13T12:26:14.148Z",
    "user": 6,
    "content_type": 10,
    "object_id": "078cb5fb-d8e3-4184-80c5-b84bdfc2a3b3",
    "object_repr": "Implement Stacks using Linked Lists",
    "action_flag": 1,
    "change_message": "[{\"added\": {}}, {\"added\": {\"name\": \"problem url\", \"object\": \"https://www.studytonight.com/data-structures/stack-using-linked-list\"}}, {\"added\": {\"name\": \"problem url\", \"object\": \"https://www.techiedelight.com/stack-implementation-using-linked-list/\"}}]"
  }
},
{
  "model": "admin.logentry",
  "pk": 17,
  "fields": {
    "action_time": "2021-11-13T12:30:24.697Z",
    "user": 6,
    "content_type": 10,
    "object_id": "b9ed1535-482e-410b-b8c2-db8a8e1500ce",
    "object_repr": "Create a Circular Linked List",
    "action_flag": 1,
    "change_message": "[{\"added\": {}}, {\"added\": {\"name\": \"problem url\", \"object\": \"https://www.softwaretestinghelp.com/circular-linked-list/\"}}, {\"added\": {\"name\": \"problem url\", \"object\": \"https://www.tutorialspoint.com/cplusplus-program-to-implement-circular-singly-linked-list\"}}]"
  }
},
{
  "model": "admin.logentry",
  "pk": 18,
  "fields": {
    "action_time": "2021-11-13T12:34:40.148Z",
    "user": 6,
    "content_type": 10,
    "object_id": "ca8be90d-0f17-48a5-9630-3fc78d61e973",
    "object_repr": "Bucket Sort",
    "action_flag": 1,
    "change_message": "[{\"added\": {}}, {\"added\": {\"name\": \"problem url\", \"object\": \"https://www.programiz.com/dsa/bucket-sort\"}}]"
  }
},
{
  "model": "admin.logentry",
  "pk": 19,
  "fields": {
    "action_time": "2021-11-13T12:37:18.882Z",
    "user": 6,
    "content_type": 10,
    "object_id": "cb001ad2-1863-4289-bb02-ef1f3a0fd572",
    "object_repr": "Radix Sort",
    "action_flag": 1,
    "change_message": "[{\"added\": {}}, {\"added\": {\"name\": \"problem url\", \"object\": \"https://www.programiz.com/dsa/radix-sort\"}}]"
  }
},
{
  "model": "admin.logentry",
  "pk": 20,
  "fields": {
    "action_time": "2021-11-13T12:40:16.945Z",
    "user": 6,
    "content_type": 10,
    "object_id": "46a50818-3552-4358-ba52-33107cc8ceb3",
    "object_repr": "Check for Balanced Parentheses",
    "action_flag": 1,
    "change_message": "[{\"added\": {}}, {\"added\": {\"name\": \"problem url\", \"object\": \"https://www.faceprep.in/c/balanced-parenthesis-checker/\"}}, {\"added\": {\"name\": \"problem url\", \"object\": \"https://www.codesdope.com/blog/article/check-for-balanced-parentheses/\"}}]"
  }
},
{
  "model": "admin.logentry",
  "pk": 21,
  "fields": {
    "action_time": "2021-11-13T12:43:50.376Z",
    "user": 6,
    "content_type": 10,
    "object_id": "6cfbf6d5-f255-48f7-ab7a-300790c0174a",
    "object_repr": "Evaluate Prefix and Postfix Expressions",
    "action_flag": 1,
    "change_message": "[{\"added\": {}}, {\"added\": {\"name\": \"problem url\", \"object\": \"https://www.includehelp.com/c/evaluation-of-postfix-expressions-using-stack-with-c-program.aspx\"}}, {\"added\": {\"name\": \"problem url\", \"object\": \"https://algorithms.tutorialhorizon.com/evaluation-of-prefix-expressions-polish-notation-set-2/\"}}, {\"added\": {\"name\": \"problem url\", \"object\": \"https://algorithms.tutorialhorizon.com/evaluation-of-prefix-expressions-polish-notation-set-1/\"}}]"
  }
},
{
  "model": "admin.logentry",
  "pk": 22,
  "fields": {
    "action_time": "2021-11-13T12:46:50.722Z",
    "user": 6,
    "content_type": 10,
    "object_id": "40cd0195-fee7-40d1-ac38-6ec81c6967c0",
    "object_repr": "Infix to Postfix",
    "action_flag": 1,
    "change_message": "[{\"added\": {}}, {\"added\": {\"name\": \"problem url\", \"object\": \"https://www.includehelp.com/c/infix-to-postfix-conversion-using-stack-with-c-program.aspx\"}}, {\"added\": {\"name\": \"problem url\", \"object\": \"https://www.tutorialspoint.com/Convert-Infix-to-Postfix-Expression\"}}]"
  }
},
{
  "model": "admin.logentry",
  "pk": 23,
  "fields": {
    "action_time": "2021-11-13T12:50:13.878Z",
    "user": 6,
    "content_type": 10,
    "object_id": "c7aec1f5-ae76-4be4-bca7-0b2597f5b299",
    "object_repr": "Implement Queues using Arrays",
    "action_flag": 1,
    "change_message": "[{\"added\": {}}, {\"added\": {\"name\": \"problem url\", \"object\": \"https://www.codewhoop.com/queue/queue-using-array.html\"}}, {\"added\": {\"name\": \"problem url\", \"object\": \"https://www.simplilearn.com/tutorials/data-structure-tutorial/queue-implementation-using-array\"}}]"
  }
},
{
  "model": "admin.logentry",
  "pk": 24,
  "fields": {
    "action_time": "2021-11-13T13:30:38.954Z",
    "user": 6,
    "content_type": 10,
    "object_id": "95b24eb1-4544-4c02-9878-cdf61b7b63cc",
    "object_repr": "Floyd-Warshall Algorithm",
    "action_flag": 1,
    "change_message": "[{\"added\": {}}, {\"added\": {\"name\": \"problem url\", \"object\": \"https://www.youtube.com/embed/4OQeCuLYj-4\"}}]"
  }
},
{
  "model": "admin.logentry",
  "pk": 25,
  "fields": {
    "action_time": "2021-11-13T13:34:49.177Z",
    "user": 6,
    "content_type": 10,
    "object_id": "54894092-a58b-4c7c-851a-68847033fcc5",
    "object_repr": "Prim's Algorithm",
    "action_flag": 1,
    "change_message": "[{\"added\": {}}, {\"added\": {\"name\": \"problem url\", \"object\": \"https://www.geeksforgeeks.org/kruskals-minimum-spanning-tree-algorithm-greedy-algo-2/\"}}]"
  }
},
{
  "model": "admin.logentry",
  "pk": 26,
  "fields": {
    "action_time": "2021-11-13T13:37:53.918Z",
    "user": 6,
    "content_type": 10,
    "object_id": "f21ea285-ce41-4160-8c22-36c0bf4a3f49",
    "object_repr": "Kruskal's Algorithm",
    "action_flag": 1,
    "change_message": "[{\"added\": {}}, {\"added\": {\"name\": \"problem url\", \"object\": \"https://www.geeksforgeeks.org/kruskals-minimum-spanning-tree-algorithm-greedy-algo-2/\"}}]"
  }
},
{
  "model": "admin.logentry",
  "pk": 27,
  "fields": {
    "action_time": "2021-11-13T13:40:20.933Z",
    "user": 6,
    "content_type": 10,
    "object_id": "ef439328-d1fe-4319-b2e1-152465eedb30",
    "object_repr": "Bubble Sort",
    "action_flag": 1,
    "change_message": "[{\"added\": {}}, {\"added\": {\"name\": \"problem url\", \"object\": \"https://www.geeksforgeeks.org/bubble-sort/\"}}, {\"added\": {\"name\": \"problem url\", \"object\": \"https://www.programiz.com/dsa/bubble-sort\"}}]"
  }
},
{
  "model": "admin.logentry",
  "pk": 28,
  "fields": {
    "action_time": "2021-11-13T13:44:24.836Z",
    "user": 6,
    "content_type": 10,
    "object_id": "fd4e0df6-e1e4-45b3-bc6f-a84497a8addc",
    "object_repr": "Selection Sort",
    "action_flag": 1,
    "change_message": "[{\"added\": {}}, {\"added\": {\"name\": \"problem url\", \"object\": \"https://www.geeksforgeeks.org/selection-sort/\"}}, {\"added\": {\"name\": \"problem url\", \"object\": \"https://www.programiz.com/dsa/selection-sort\"}}]"
  }
},
{
  "model": "admin.logentry",
  "pk": 29,
  "fields": {
    "action_time": "2021-11-13T13:45:19.555Z",
    "user": 6,
    "content_type": 10,
    "object_id": "fd4e0df6-e1e4-45b3-bc6f-a84497a8addc",
    "object_repr": "Selection Sort",
    "action_flag": 2,
    "change_message": "[{\"changed\": {\"fields\": [\"Youtube\"]}}]"
  }
},
{
  "model": "admin.logentry",
  "pk": 30,
  "fields": {
    "action_time": "2021-11-13T13:48:34.379Z",
    "user": 6,
    "content_type": 10,
    "object_id": "18def36b-83b8-442b-8c0e-c79b8776f786",
    "object_repr": "Insertion Sort",
    "action_flag": 1,
    "change_message": "[{\"added\": {}}, {\"added\": {\"name\": \"problem url\", \"object\": \"https://www.khanacademy.org/computing/computer-science/algorithms/insertion-sort/a/insertion-sort\"}}, {\"added\": {\"name\": \"problem url\", \"object\": \"https://www.geeksforgeeks.org/insertion-sort/\"}}]"
  }
},
{
  "model": "admin.logentry",
  "pk": 31,
  "fields": {
    "action_time": "2021-11-13T13:52:17.285Z",
    "user": 6,
    "content_type": 10,
    "object_id": "fa90b37f-98fb-4df1-9369-d57a3ca0aecc",
    "object_repr": "Binary Search",
    "action_flag": 1,
    "change_message": "[{\"added\": {}}, {\"added\": {\"name\": \"problem url\", \"object\": \"https://www.khanacademy.org/computing/computer-science/algorithms/binary-search/a/binary-search\"}}, {\"added\": {\"name\": \"problem url\", \"object\": \"https://www.topcoder.com/thrive/articles/Binary%20Search\"}}, {\"added\": {\"name\": \"problem url\", \"object\": \"https://www.hackerearth.com/practice/algorithms/searching/binary-search/tutorial/\"}}]"
  }
},
{
  "model": "admin.logentry",
  "pk": 32,
  "fields": {
    "action_time": "2021-11-13T13:56:12.396Z",
    "user": 6,
    "content_type": 10,
    "object_id": "75752185-0676-4d1d-9085-1e02d3248ee1",
    "object_repr": "FCFS Scheduling",
    "action_flag": 1,
    "change_message": "[{\"added\": {}}, {\"added\": {\"name\": \"problem url\", \"object\": \"https://www.guru99.com/fcfs-scheduling.html\"}}]"
  }
},
{
  "model": "admin.logentry",
  "pk": 33,
  "fields": {
    "action_time": "2021-11-13T14:02:45.708Z",
    "user": 6,
    "content_type": 10,
    "object_id": "904e5fa8-ddaf-44f0-989c-a02315cfb6ac",
    "object_repr": "SJF Scheduling",
    "action_flag": 1,
    "change_message": "[{\"added\": {}}, {\"added\": {\"name\": \"problem url\", \"object\": \"https://www.guru99.com/shortest-job-first-sjf-scheduling.html#:~:text=What%20is%20Shortest%20Job%20First,for%20other%20processes%20awaiting%20execution.\"}}]"
  }
},
{
  "model": "auth.permission",
  "pk": 1,
  "fields": {
    "name": "Can add log entry",
    "content_type": 1,
    "codename": "add_logentry"
  }
},
{
  "model": "auth.permission",
  "pk": 2,
  "fields": {
    "name": "Can change log entry",
    "content_type": 1,
    "codename": "change_logentry"
  }
},
{
  "model": "auth.permission",
  "pk": 3,
  "fields": {
    "name": "Can delete log entry",
    "content_type": 1,
    "codename": "delete_logentry"
  }
},
{
  "model": "auth.permission",
  "pk": 4,
  "fields": {
    "name": "Can view log entry",
    "content_type": 1,
    "codename": "view_logentry"
  }
},
{
  "model": "auth.permission",
  "pk": 5,
  "fields": {
    "name": "Can add permission",
    "content_type": 2,
    "codename": "add_permission"
  }
},
{
  "model": "auth.permission",
  "pk": 6,
  "fields": {
    "name": "Can change permission",
    "content_type": 2,
    "codename": "change_permission"
  }
},
{
  "model": "auth.permission",
  "pk": 7,
  "fields": {
    "name": "Can delete permission",
    "content_type": 2,
    "codename": "delete_permission"
  }
},
{
  "model": "auth.permission",
  "pk": 8,
  "fields": {
    "name": "Can view permission",
    "content_type": 2,
    "codename": "view_permission"
  }
},
{
  "model": "auth.permission",
  "pk": 9,
  "fields": {
    "name": "Can add group",
    "content_type": 3,
    "codename": "add_group"
  }
},
{
  "model": "auth.permission",
  "pk": 10,
  "fields": {
    "name": "Can change group",
    "content_type": 3,
    "codename": "change_group"
  }
},
{
  "model": "auth.permission",
  "pk": 11,
  "fields": {
    "name": "Can delete group",
    "content_type": 3,
    "codename": "delete_group"
  }
},
{
  "model": "auth.permission",
  "pk": 12,
  "fields": {
    "name": "Can view group",
    "content_type": 3,
    "codename": "view_group"
  }
},
{
  "model": "auth.permission",
  "pk": 13,
  "fields": {
    "name": "Can add content type",
    "content_type": 4,
    "codename": "add_contenttype"
  }
},
{
  "model": "auth.permission",
  "pk": 14,
  "fields": {
    "name": "Can change content type",
    "content_type": 4,
    "codename": "change_contenttype"
  }
},
{
  "model": "auth.permission",
  "pk": 15,
  "fields": {
    "name": "Can delete content type",
    "content_type": 4,
    "codename": "delete_contenttype"
  }
},
{
  "model": "auth.permission",
  "pk": 16,
  "fields": {
    "name": "Can view content type",
    "content_type": 4,
    "codename": "view_contenttype"
  }
},
{
  "model": "auth.permission",
  "pk": 17,
  "fields": {
    "name": "Can add session",
    "content_type": 5,
    "codename": "add_session"
  }
},
{
  "model": "auth.permission",
  "pk": 18,
  "fields": {
    "name": "Can change session",
    "content_type": 5,
    "codename": "change_session"
  }
},
{
  "model": "auth.permission",
  "pk": 19,
  "fields": {
    "name": "Can delete session",
    "content_type": 5,
    "codename": "delete_session"
  }
},
{
  "model": "auth.permission",
  "pk": 20,
  "fields": {
    "name": "Can view session",
    "content_type": 5,
    "codename": "view_session"
  }
},
{
  "model": "auth.permission",
  "pk": 21,
  "fields": {
    "name": "Can add site",
    "content_type": 6,
    "codename": "add_site"
  }
},
{
  "model": "auth.permission",
  "pk": 22,
  "fields": {
    "name": "Can change site",
    "content_type": 6,
    "codename": "change_site"
  }
},
{
  "model": "auth.permission",
  "pk": 23,
  "fields": {
    "name": "Can delete site",
    "content_type": 6,
    "codename": "delete_site"
  }
},
{
  "model": "auth.permission",
  "pk": 24,
  "fields": {
    "name": "Can view site",
    "content_type": 6,
    "codename": "view_site"
  }
},
{
  "model": "auth.permission",
  "pk": 25,
  "fields": {
    "name": "Can add email address",
    "content_type": 7,
    "codename": "add_emailaddress"
  }
},
{
  "model": "auth.permission",
  "pk": 26,
  "fields": {
    "name": "Can change email address",
    "content_type": 7,
    "codename": "change_emailaddress"
  }
},
{
  "model": "auth.permission",
  "pk": 27,
  "fields": {
    "name": "Can delete email address",
    "content_type": 7,
    "codename": "delete_emailaddress"
  }
},
{
  "model": "auth.permission",
  "pk": 28,
  "fields": {
    "name": "Can view email address",
    "content_type": 7,
    "codename": "view_emailaddress"
  }
},
{
  "model": "auth.permission",
  "pk": 29,
  "fields": {
    "name": "Can add email confirmation",
    "content_type": 8,
    "codename": "add_emailconfirmation"
  }
},
{
  "model": "auth.permission",
  "pk": 30,
  "fields": {
    "name": "Can change email confirmation",
    "content_type": 8,
    "codename": "change_emailconfirmation"
  }
},
{
  "model": "auth.permission",
  "pk": 31,
  "fields": {
    "name": "Can delete email confirmation",
    "content_type": 8,
    "codename": "delete_emailconfirmation"
  }
},
{
  "model": "auth.permission",
  "pk": 32,
  "fields": {
    "name": "Can view email confirmation",
    "content_type": 8,
    "codename": "view_emailconfirmation"
  }
},
{
  "model": "auth.permission",
  "pk": 33,
  "fields": {
    "name": "Can add user",
    "content_type": 9,
    "codename": "add_customuser"
  }
},
{
  "model": "auth.permission",
  "pk": 34,
  "fields": {
    "name": "Can change user",
    "content_type": 9,
    "codename": "change_customuser"
  }
},
{
  "model": "auth.permission",
  "pk": 35,
  "fields": {
    "name": "Can delete user",
    "content_type": 9,
    "codename": "delete_customuser"
  }
},
{
  "model": "auth.permission",
  "pk": 36,
  "fields": {
    "name": "Can view user",
    "content_type": 9,
    "codename": "view_customuser"
  }
},
{
  "model": "auth.permission",
  "pk": 37,
  "fields": {
    "name": "Can add problem",
    "content_type": 10,
    "codename": "add_problem"
  }
},
{
  "model": "auth.permission",
  "pk": 38,
  "fields": {
    "name": "Can change problem",
    "content_type": 10,
    "codename": "change_problem"
  }
},
{
  "model": "auth.permission",
  "pk": 39,
  "fields": {
    "name": "Can delete problem",
    "content_type": 10,
    "codename": "delete_problem"
  }
},
{
  "model": "auth.permission",
  "pk": 40,
  "fields": {
    "name": "Can view problem",
    "content_type": 10,
    "codename": "view_problem"
  }
},
{
  "model": "auth.permission",
  "pk": 41,
  "fields": {
    "name": "Can add problem url",
    "content_type": 11,
    "codename": "add_problemurl"
  }
},
{
  "model": "auth.permission",
  "pk": 42,
  "fields": {
    "name": "Can change problem url",
    "content_type": 11,
    "codename": "change_problemurl"
  }
},
{
  "model": "auth.permission",
  "pk": 43,
  "fields": {
    "name": "Can delete problem url",
    "content_type": 11,
    "codename": "delete_problemurl"
  }
},
{
  "model": "auth.permission",
  "pk": 44,
  "fields": {
    "name": "Can view problem url",
    "content_type": 11,
    "codename": "view_problemurl"
  }
},
{
  "model": "auth.permission",
  "pk": 45,
  "fields": {
    "name": "Can add comment",
    "content_type": 12,
    "codename": "add_comment"
  }
},
{
  "model": "auth.permission",
  "pk": 46,
  "fields": {
    "name": "Can change comment",
    "content_type": 12,
    "codename": "change_comment"
  }
},
{
  "model": "auth.permission",
  "pk": 47,
  "fields": {
    "name": "Can delete comment",
    "content_type": 12,
    "codename": "delete_comment"
  }
},
{
  "model": "auth.permission",
  "pk": 48,
  "fields": {
    "name": "Can view comment",
    "content_type": 12,
    "codename": "view_comment"
  }
},
{
  "model": "contenttypes.contenttype",
  "pk": 1,
  "fields": {
    "app_label": "admin",
    "model": "logentry"
  }
},
{
  "model": "contenttypes.contenttype",
  "pk": 2,
  "fields": {
    "app_label": "auth",
    "model": "permission"
  }
},
{
  "model": "contenttypes.contenttype",
  "pk": 3,
  "fields": {
    "app_label": "auth",
    "model": "group"
  }
},
{
  "model": "contenttypes.contenttype",
  "pk": 4,
  "fields": {
    "app_label": "contenttypes",
    "model": "contenttype"
  }
},
{
  "model": "contenttypes.contenttype",
  "pk": 5,
  "fields": {
    "app_label": "sessions",
    "model": "session"
  }
},
{
  "model": "contenttypes.contenttype",
  "pk": 6,
  "fields": {
    "app_label": "sites",
    "model": "site"
  }
},
{
  "model": "contenttypes.contenttype",
  "pk": 7,
  "fields": {
    "app_label": "account",
    "model": "emailaddress"
  }
},
{
  "model": "contenttypes.contenttype",
  "pk": 8,
  "fields": {
    "app_label": "account",
    "model": "emailconfirmation"
  }
},
{
  "model": "contenttypes.contenttype",
  "pk": 9,
  "fields": {
    "app_label": "accounts",
    "model": "customuser"
  }
},
{
  "model": "contenttypes.contenttype",
  "pk": 10,
  "fields": {
    "app_label": "problems",
    "model": "problem"
  }
},
{
  "model": "contenttypes.contenttype",
  "pk": 11,
  "fields": {
    "app_label": "problems",
    "model": "problemurl"
  }
},
{
  "model": "contenttypes.contenttype",
  "pk": 12,
  "fields": {
    "app_label": "problems",
    "model": "comment"
  }
},
{
  "model": "sessions.session",
  "pk": "ksrrrkovctcqjw6n3nqicutcmdgzv7g6",
  "fields": {
    "session_data": ".eJxVjcsOgjAQRf-la0OGQl_s9EeaYTqERlKMLYnG-O8Ww0Jndx9z7kt43Mrst8x3H4MYhBanX29EunLaA1yW3W6QaN1Sab6dI87NuSpOJRKWuKbL8fWHmjHPlTMBBJCmAzDExhrNrSTEYOtNbtRGB6fkNJIj5t6w7ki2StkuKGnZ9js0c851xvPjFu9PMbQSnAZ4fwBEukR4:1mlnuE:hIGosGB0i9G1mzhUUYKSYm4f9JkUawR4glxVYN9Lhpk",
    "expire_date": "2021-11-27T07:56:58.283Z"
  }
},
{
  "model": "sites.site",
  "pk": 1,
  "fields": {
    "domain": "example.com",
    "name": "example.com"
  }
},
{
  "model": "accounts.customuser",
  "pk": 1,
  "fields": {
    "password": "testpass123",
    "last_login": null,
    "is_superuser": false,
    "username": "testuser1",
    "first_name": "",
    "last_name": "",
    "email": "testuser1@email.com",
    "is_staff": false,
    "is_active": true,
    "date_joined": "2021-11-13T07:55:40.435Z",
    "groups": [],
    "user_permissions": []
  }
},
{
  "model": "accounts.customuser",
  "pk": 2,
  "fields": {
    "password": "testpass123",
    "last_login": null,
    "is_superuser": false,
    "username": "testuser2",
    "first_name": "",
    "last_name": "",
    "email": "testuser2@email.com",
    "is_staff": false,
    "is_active": true,
    "date_joined": "2021-11-13T07:55:40.445Z",
    "groups": [],
    "user_permissions": []
  }
},
{
  "model": "accounts.customuser",
  "pk": 3,
  "fields": {
    "password": "testpass123",
    "last_login": null,
    "is_superuser": false,
    "username": "testuser3",
    "first_name": "",
    "last_name": "",
    "email": "testuser3@email.com",
    "is_staff": false,
    "is_active": true,
    "date_joined": "2021-11-13T07:55:40.450Z",
    "groups": [],
    "user_permissions": []
  }
},
{
  "model": "accounts.customuser",
  "pk": 4,
  "fields": {
    "password": "testpass123",
    "last_login": null,
    "is_superuser": false,
    "username": "testuser4",
    "first_name": "",
    "last_name": "",
    "email": "testuser4@email.com",
    "is_staff": false,
    "is_active": true,
    "date_joined": "2021-11-13T07:55:40.453Z",
    "groups": [],
    "user_permissions": []
  }
},
{
  "model": "accounts.customuser",
  "pk": 5,
  "fields": {
    "password": "testpass123",
    "last_login": null,
    "is_superuser": false,
    "username": "testuser5",
    "first_name": "",
    "last_name": "",
    "email": "testuser5@email.com",
    "is_staff": false,
    "is_active": true,
    "date_joined": "2021-11-13T07:55:40.457Z",
    "groups": [],
    "user_permissions": []
  }
},
{
  "model": "accounts.customuser",
  "pk": 6,
  "fields": {
    "password": "pbkdf2_sha256$260000$XPX0eXZbnlCLqmzwx7Kgfs$QtJ97ffAExX7dgYPVUovGJXKQGx/gCtLtfniLv11fe0=",
    "last_login": "2021-11-13T07:56:57.779Z",
    "is_superuser": true,
    "username": "ck",
    "first_name": "",
    "last_name": "",
    "email": "chahat.ck88@gmail.com",
    "is_staff": true,
    "is_active": true,
    "date_joined": "2021-11-13T07:56:35.032Z",
    "groups": [],
    "user_permissions": []
  }
},
{
  "model": "problems.problem",
  "pk": "078cb5fb-d8e3-4184-80c5-b84bdfc2a3b3",
  "fields": {
    "title": "Implement Stacks using Linked Lists",
    "subject": "Data Structures",
    "topic": "Stacks, Linked Lists",
    "details": "Stacks  are Last-in-First-out kind of data structures and can be implemented efficiently with the help of Linked Lists.",
    "header": "headers/DS_2hlItAJ.png",
    "youtube": "https://www.youtube.com/embed/MuwxQ2IB8lQ"
  }
},
{
  "model": "problems.problem",
  "pk": "18def36b-83b8-442b-8c0e-c79b8776f786",
  "fields": {
    "title": "Insertion Sort",
    "subject": "Algorithms",
    "topic": "Sorting",
    "details": "Insertion sort is a comparison based sorting algorithm which takes time proportional to the size of list squared on average to sort.",
    "header": "headers/ALGOS_0TcGk0t.png",
    "youtube": "https://www.youtube.com/embed/i-SKeOcBwko"
  }
},
{
  "model": "problems.problem",
  "pk": "352a25a4-c503-4125-bcd7-555c13a150f8",
  "fields": {
    "title": "Dynamic Arrays",
    "subject": "Data Stuctures",
    "topic": "Arrays",
    "details": "An array is a sequential list type of data structure.",
    "header": "headers/DS_d0AFoO2.png",
    "youtube": "https://www.youtube.com/embed/wXeBVndWA78"
  }
},
{
  "model": "problems.problem",
  "pk": "36172c39-6046-4f9d-bc28-a6d1843115bc",
  "fields": {
    "title": "Dijkstra's Algorithm",
    "subject": "Algorithms",
    "topic": "Graph Theory, Graphs",
    "details": "Find the shortest distance to any given vertex from the source vertex in a graph.",
    "header": "headers/ALGOS_CT5DqD7.png",
    "youtube": "https://www.youtube.com/embed/pSqmAO-m7Lk"
  }
},
{
  "model": "problems.problem",
  "pk": "39bbaa0a-c921-456a-b7a8-c1f2b11f61f4",
  "fields": {
    "title": "Create a Binary Search Tree",
    "subject": "Data Structures",
    "topic": "Binary Search Trees, BST, Trees, Binary Trees",
    "details": "A Binary Search Tree (BST) is a tree in which any node's left children will be smaller or equal to it, and right children will be greater than it.",
    "header": "headers/DS.png",
    "youtube": "https://www.youtube.com/embed/COZK7NATh4k"
  }
},
{
  "model": "problems.problem",
  "pk": "39e6a619-daf2-41c4-bcf9-1e7092dbce2c",
  "fields": {
    "title": "Towers of Hanoi",
    "subject": "Algorithms",
    "topic": "Recursion",
    "details": "This problem involves moving all disks from an initial rod to some other rod in the minimum possible moves.",
    "header": "headers/ALGOS.png",
    "youtube": "https://www.youtube.com/embed/YstLjLCGmgg"
  }
},
{
  "model": "problems.problem",
  "pk": "3e57ccc4-eaef-41ab-8a92-f8712af83c1e",
  "fields": {
    "title": "Readers-Writers Problem",
    "subject": "Operating Systems",
    "topic": "Concurrency Management, Process Synchronization, Semaphores",
    "details": "Some processes on a file are readers and some on them are writers, acting at the same time.",
    "header": "headers/OS_SuKi7wH.png",
    "youtube": "https://www.youtube.com/embed/p2XDhW5INOo"
  }
},
{
  "model": "problems.problem",
  "pk": "40cd0195-fee7-40d1-ac38-6ec81c6967c0",
  "fields": {
    "title": "Infix to Postfix",
    "subject": "Data Structures",
    "topic": "Stacks",
    "details": "Converting an infix expression to a postfix is a very important application of stacks, which is used extensively in compiler design.",
    "header": "headers/DS_1bE3aEQ.png",
    "youtube": "https://www.youtube.com/embed/vq-nUF0G4fI"
  }
},
{
  "model": "problems.problem",
  "pk": "44c9dabb-1623-4139-89ca-abf5d84c3f3e",
  "fields": {
    "title": "Implement a Stacks using Array",
    "subject": "Data Structures",
    "topic": "Stacks, Arrays",
    "details": "A stack is a last-in-first-out (LIFO) kind of data structure.",
    "header": "headers/DS_34Aghg8.png",
    "youtube": "https://www.youtube.com/embed/sFVxsglODoo"
  }
},
{
  "model": "problems.problem",
  "pk": "46a50818-3552-4358-ba52-33107cc8ceb3",
  "fields": {
    "title": "Check for Balanced Parentheses",
    "subject": "Data Structures",
    "topic": "Stacks",
    "details": "In this problem you have to check whether an expression has balanced parentheses or not. A stack is an apt data structure for doing so.",
    "header": "headers/DS_hnSWcAz.png",
    "youtube": "https://www.youtube.com/embed/MuwxQ2IB8lQ"
  }
},
{
  "model": "problems.problem",
  "pk": "54894092-a58b-4c7c-851a-68847033fcc5",
  "fields": {
    "title": "Prim's Algorithm",
    "subject": "Algorithms",
    "topic": "Graphs, Graph Theory, Greedy Algorithms",
    "details": "Find the minimum cost spanning tree of an undirected weighted graph.",
    "header": "headers/ALGOS_QtEMKv8.png",
    "youtube": "https://www.youtube.com/embed/cplfcGZmX7I"
  }
},
{
  "model": "problems.problem",
  "pk": "6cfbf6d5-f255-48f7-ab7a-300790c0174a",
  "fields": {
    "title": "Evaluate Prefix and Postfix Expressions",
    "subject": "Data Structures",
    "topic": "Stacks",
    "details": "In this problem you have to evaluate a prefix or a postfix expression. Stacks are an efficient data structure for doing so.",
    "header": "headers/DS_j1ngKVV.png",
    "youtube": "https://www.youtube.com/embed/MeRb_1bddWg"
  }
},
{
  "model": "problems.problem",
  "pk": "75752185-0676-4d1d-9085-1e02d3248ee1",
  "fields": {
    "title": "FCFS Scheduling",
    "subject": "Operating Systems",
    "topic": "CPU Scheduling",
    "details": "First come first serve is a scheduling algorithm in which requests are executed in their order of arrival.",
    "header": "headers/OS_CtaTrOz.png",
    "youtube": "https://www.youtube.com/embed/KtuQpQwlmYM"
  }
},
{
  "model": "problems.problem",
  "pk": "904e5fa8-ddaf-44f0-989c-a02315cfb6ac",
  "fields": {
    "title": "SJF Scheduling",
    "subject": "Operating Systems",
    "topic": "CPU Scheduling",
    "details": "In the shortest job first scheduling algorithm, as the name suggests, the shortest request is handled first.",
    "header": "headers/OS_8tfi5RP.png",
    "youtube": "https://www.youtube.com/embed/LNsHRY5Nk5U"
  }
},
{
  "model": "problems.problem",
  "pk": "95b24eb1-4544-4c02-9878-cdf61b7b63cc",
  "fields": {
    "title": "Floyd-Warshall Algorithm",
    "subject": "Algorithms",
    "topic": "Graphs, Graph Theory, Dynamic Programming",
    "details": "The aim of the problem is to find the shortest path from each vertex to every other vertex in a weighted directed graph.",
    "header": "headers/ALGOS_itdSVMv.png",
    "youtube": "https://www.youtube.com/embed/4OQeCuLYj-4"
  }
},
{
  "model": "problems.problem",
  "pk": "a50727c5-150c-48e7-b964-9da41bc6c66b",
  "fields": {
    "title": "Static Arrays",
    "subject": "Data Structures",
    "topic": "Arrays",
    "details": "Arrays are sequential list data structures.",
    "header": "headers/DS_rTQ3XHd.png",
    "youtube": "https://www.youtube.com/embed/pmN9ExDf3yQ"
  }
},
{
  "model": "problems.problem",
  "pk": "b9ed1535-482e-410b-b8c2-db8a8e1500ce",
  "fields": {
    "title": "Create a Circular Linked List",
    "subject": "Data Structures",
    "topic": "Linked Lists, Circular Linked Lists",
    "details": "A circular linked list has no actual start or end. Its nodes are arranged such as to form a closed circle.",
    "header": "headers/DS_ynt8wHf.png",
    "youtube": "https://www.youtube.com/embed/HMkdlu5sP4A"
  }
},
{
  "model": "problems.problem",
  "pk": "c7aec1f5-ae76-4be4-bca7-0b2597f5b299",
  "fields": {
    "title": "Implement Queues using Arrays",
    "subject": "Data Structures",
    "topic": "Queues, Arrays",
    "details": "A queue is a First-in-First-out (FIFO) type of data structure that can be implemented using an array.",
    "header": "headers/DS_hGZxVWB.png",
    "youtube": "https://www.youtube.com/embed/okr-XE8yTO8"
  }
},
{
  "model": "problems.problem",
  "pk": "ca8be90d-0f17-48a5-9630-3fc78d61e973",
  "fields": {
    "title": "Bucket Sort",
    "subject": "Algorithms",
    "topic": "Sorting",
    "details": "It is a sorting algorithm that works by distributing the elements of an array into a number of buckets",
    "header": "headers/ALGOS_kICJJXw.png",
    "youtube": "https://www.youtube.com/embed/VuXbEb5ywrU"
  }
},
{
  "model": "problems.problem",
  "pk": "cb001ad2-1863-4289-bb02-ef1f3a0fd572",
  "fields": {
    "title": "Radix Sort",
    "subject": "Algorithms",
    "topic": "Sorting",
    "details": "Radix sort is a non-comparison based algorithm that can sort in linear time complexity.",
    "header": "headers/ALGOS_FhDxrEX.png",
    "youtube": "https://www.youtube.com/embed/XiuSW_mEn7g"
  }
},
{
  "model": "problems.problem",
  "pk": "ccf103bf-ce6a-43a0-9fa0-f8c4f3fef4be",
  "fields": {
    "title": "Reverse a Linked List",
    "subject": "Data Structures",
    "topic": "Linked Lists",
    "details": "Reversing a linked list means that the previous last node would now be the head of the list. This can be done in linear time.",
    "header": "headers/DS_6Y0SDZ5.png",
    "youtube": "https://www.youtube.com/embed/sYcOK51hl-A"
  }
},
{
  "model": "problems.problem",
  "pk": "e3ca0d9f-7d3b-4a44-bd95-f3b2a15d2248",
  "fields": {
    "title": "Implement a Doubly Linked List",
    "subject": "Data Structures",
    "topic": "Linked Lists, Doubly Linked Lists",
    "details": "In a doubly linked list, each node has two pointers: one points to the next element, and the other points to the previous one, in addition to it's data.",
    "header": "headers/DS_Y3RxEwa.png",
    "youtube": "https://www.youtube.com/embed/VOQNf1VxU3Q"
  }
},
{
  "model": "problems.problem",
  "pk": "ef439328-d1fe-4319-b2e1-152465eedb30",
  "fields": {
    "title": "Bubble Sort",
    "subject": "Algorithms",
    "topic": "Sorting",
    "details": "Bubble sort is a simple quadratic time comparison based sorting algorithm in which the largest element bubbles out to the end in each iteration.",
    "header": "headers/ALGOS_jnOsh19.png",
    "youtube": "https://www.youtube.com/embed/Jdtq5uKz-w4"
  }
},
{
  "model": "problems.problem",
  "pk": "f21ea285-ce41-4160-8c22-36c0bf4a3f49",
  "fields": {
    "title": "Kruskal's Algorithm",
    "subject": "Algorithms",
    "topic": "Graphs, Graph Theory, Greedy Algorithms",
    "details": "Find the minimum cost spanning tree of an undirected, weighted graph.",
    "header": "headers/ALGOS_nNWjzAv.png",
    "youtube": "https://www.youtube.com/embed/71UQH7Pr9kU"
  }
},
{
  "model": "problems.problem",
  "pk": "fa90b37f-98fb-4df1-9369-d57a3ca0aecc",
  "fields": {
    "title": "Binary Search",
    "subject": "Algorithms",
    "topic": "Searching, Divide and Conquer",
    "details": "Performing a binary search on a sorted list will take only logarithmic time in the worst case.",
    "header": "headers/ALGOS_4QLxrXB.png",
    "youtube": "https://www.youtube.com/embed/j5uXyPJ0Pew"
  }
},
{
  "model": "problems.problem",
  "pk": "fc8fa9c1-59b6-42ba-8eb0-844e26ca52fa",
  "fields": {
    "title": "Dining Philosophers Problem",
    "subject": "Operating Systems",
    "topic": "Process Synchronization, Semaphores",
    "details": "Five philosphers are dining around a table and they alternate between eating and thinking.",
    "header": "headers/OS.png",
    "youtube": "https://www.youtube.com/embed/FYUi-u7UWgw"
  }
},
{
  "model": "problems.problem",
  "pk": "fd4e0df6-e1e4-45b3-bc6f-a84497a8addc",
  "fields": {
    "title": "Selection Sort",
    "subject": "Algorithms",
    "topic": "Sorting",
    "details": "Selection sort is a comparison based quadratic time sorting algorithm, useful when the cost of moving the elements is large.",
    "header": "headers/ALGOS_akLCftf.png",
    "youtube": "https://www.youtube.com/embed/GUDLRan2DWM"
  }
},
{
  "model": "problems.problem",
  "pk": "ff7cbee6-4736-4b57-b197-f8741ed2238d",
  "fields": {
    "title": "Create a Linked List",
    "subject": "Data Structures",
    "topic": "Linked Lists",
    "details": "A linked list is a sequential data structure in which memory need not be contiguously allocated to consecutive elements.",
    "header": "headers/DS_SafKNcR.png",
    "youtube": "https://www.youtube.com/embed/vcQIFT79_50"
  }
},
{
  "model": "problems.problemurl",
  "pk": 1,
  "fields": {
    "problem": "fc8fa9c1-59b6-42ba-8eb0-844e26ca52fa",
    "url": "https://pages.mtu.edu/~shene/NSF-3/e-Book/MUTEX/TM-example-philos-1.html"
  }
},
{
  "model": "problems.problemurl",
  "pk": 2,
  "fields": {
    "problem": "fc8fa9c1-59b6-42ba-8eb0-844e26ca52fa",
    "url": "https://medium.com/swlh/the-dining-philosophers-problem-bbdb92e6b788"
  }
},
{
  "model": "problems.problemurl",
  "pk": 3,
  "fields": {
    "problem": "3e57ccc4-eaef-41ab-8a92-f8712af83c1e",
    "url": "https://www.studytonight.com/operating-system/readers-writer-problem"
  }
},
{
  "model": "problems.problemurl",
  "pk": 4,
  "fields": {
    "problem": "3e57ccc4-eaef-41ab-8a92-f8712af83c1e",
    "url": "https://afteracademy.com/blog/the-reader-writer-problem-in-operating-system"
  }
},
{
  "model": "problems.problemurl",
  "pk": 5,
  "fields": {
    "problem": "39e6a619-daf2-41c4-bcf9-1e7092dbce2c",
    "url": "https://www.educative.io/edpresso/what-is-the-tower-of-hanoi-problem"
  }
},
{
  "model": "problems.problemurl",
  "pk": 6,
  "fields": {
    "problem": "39e6a619-daf2-41c4-bcf9-1e7092dbce2c",
    "url": "https://www.mathscareers.org.uk/tower-of-hanoi/"
  }
},
{
  "model": "problems.problemurl",
  "pk": 7,
  "fields": {
    "problem": "39bbaa0a-c921-456a-b7a8-c1f2b11f61f4",
    "url": "https://www.cs.usfca.edu/~galles/visualization/BST.html"
  }
},
{
  "model": "problems.problemurl",
  "pk": 8,
  "fields": {
    "problem": "36172c39-6046-4f9d-bc28-a6d1843115bc",
    "url": "https://brilliant.org/wiki/dijkstras-short-path-finder/"
  }
},
{
  "model": "problems.problemurl",
  "pk": 9,
  "fields": {
    "problem": "36172c39-6046-4f9d-bc28-a6d1843115bc",
    "url": "https://www.programiz.com/dsa/dijkstra-algorithm"
  }
},
{
  "model": "problems.problemurl",
  "pk": 10,
  "fields": {
    "problem": "a50727c5-150c-48e7-b964-9da41bc6c66b",
    "url": "https://www.geeksforgeeks.org/introduction-to-arrays/"
  }
},
{
  "model": "problems.problemurl",
  "pk": 11,
  "fields": {
    "problem": "a50727c5-150c-48e7-b964-9da41bc6c66b",
    "url": "https://docs.oracle.com/javase/tutorial/java/nutsandbolts/arrays.html"
  }
},
{
  "model": "problems.problemurl",
  "pk": 12,
  "fields": {
    "problem": "352a25a4-c503-4125-bcd7-555c13a150f8",
    "url": "https://press.rebus.community/programmingfundamentals/chapter/fixed-and-dynamic-arrays/#:~:text=A%20dynamic%20array%20is%20a,to%20be%20specified%20at%20allocation."
  }
},
{
  "model": "problems.problemurl",
  "pk": 13,
  "fields": {
    "problem": "ff7cbee6-4736-4b57-b197-f8741ed2238d",
    "url": "https://www.programiz.com/dsa/linked-list"
  }
},
{
  "model": "problems.problemurl",
  "pk": 14,
  "fields": {
    "problem": "ccf103bf-ce6a-43a0-9fa0-f8c4f3fef4be",
    "url": "https://favtutor.com/blogs/reverse-a-linked-list-cpp"
  }
},
{
  "model": "problems.problemurl",
  "pk": 15,
  "fields": {
    "problem": "e3ca0d9f-7d3b-4a44-bd95-f3b2a15d2248",
    "url": "https://www.javatpoint.com/doubly-linked-list"
  }
},
{
  "model": "problems.problemurl",
  "pk": 16,
  "fields": {
    "problem": "e3ca0d9f-7d3b-4a44-bd95-f3b2a15d2248",
    "url": "https://www.programiz.com/dsa/doubly-linked-list"
  }
},
{
  "model": "problems.problemurl",
  "pk": 17,
  "fields": {
    "problem": "44c9dabb-1623-4139-89ca-abf5d84c3f3e",
    "url": "http://www.btechsmartclass.com/data_structures/stack-using-array.html"
  }
},
{
  "model": "problems.problemurl",
  "pk": 18,
  "fields": {
    "problem": "44c9dabb-1623-4139-89ca-abf5d84c3f3e",
    "url": "http://www.btechsmartclass.com/data_structures/stack-using-array.html"
  }
},
{
  "model": "problems.problemurl",
  "pk": 19,
  "fields": {
    "problem": "078cb5fb-d8e3-4184-80c5-b84bdfc2a3b3",
    "url": "https://www.studytonight.com/data-structures/stack-using-linked-list"
  }
},
{
  "model": "problems.problemurl",
  "pk": 20,
  "fields": {
    "problem": "078cb5fb-d8e3-4184-80c5-b84bdfc2a3b3",
    "url": "https://www.techiedelight.com/stack-implementation-using-linked-list/"
  }
},
{
  "model": "problems.problemurl",
  "pk": 21,
  "fields": {
    "problem": "b9ed1535-482e-410b-b8c2-db8a8e1500ce",
    "url": "https://www.softwaretestinghelp.com/circular-linked-list/"
  }
},
{
  "model": "problems.problemurl",
  "pk": 22,
  "fields": {
    "problem": "b9ed1535-482e-410b-b8c2-db8a8e1500ce",
    "url": "https://www.tutorialspoint.com/cplusplus-program-to-implement-circular-singly-linked-list"
  }
},
{
  "model": "problems.problemurl",
  "pk": 23,
  "fields": {
    "problem": "ca8be90d-0f17-48a5-9630-3fc78d61e973",
    "url": "https://www.programiz.com/dsa/bucket-sort"
  }
},
{
  "model": "problems.problemurl",
  "pk": 24,
  "fields": {
    "problem": "cb001ad2-1863-4289-bb02-ef1f3a0fd572",
    "url": "https://www.programiz.com/dsa/radix-sort"
  }
},
{
  "model": "problems.problemurl",
  "pk": 25,
  "fields": {
    "problem": "46a50818-3552-4358-ba52-33107cc8ceb3",
    "url": "https://www.faceprep.in/c/balanced-parenthesis-checker/"
  }
},
{
  "model": "problems.problemurl",
  "pk": 26,
  "fields": {
    "problem": "46a50818-3552-4358-ba52-33107cc8ceb3",
    "url": "https://www.codesdope.com/blog/article/check-for-balanced-parentheses/"
  }
},
{
  "model": "problems.problemurl",
  "pk": 27,
  "fields": {
    "problem": "6cfbf6d5-f255-48f7-ab7a-300790c0174a",
    "url": "https://www.includehelp.com/c/evaluation-of-postfix-expressions-using-stack-with-c-program.aspx"
  }
},
{
  "model": "problems.problemurl",
  "pk": 28,
  "fields": {
    "problem": "6cfbf6d5-f255-48f7-ab7a-300790c0174a",
    "url": "https://algorithms.tutorialhorizon.com/evaluation-of-prefix-expressions-polish-notation-set-2/"
  }
},
{
  "model": "problems.problemurl",
  "pk": 29,
  "fields": {
    "problem": "6cfbf6d5-f255-48f7-ab7a-300790c0174a",
    "url": "https://algorithms.tutorialhorizon.com/evaluation-of-prefix-expressions-polish-notation-set-1/"
  }
},
{
  "model": "problems.problemurl",
  "pk": 30,
  "fields": {
    "problem": "40cd0195-fee7-40d1-ac38-6ec81c6967c0",
    "url": "https://www.includehelp.com/c/infix-to-postfix-conversion-using-stack-with-c-program.aspx"
  }
},
{
  "model": "problems.problemurl",
  "pk": 31,
  "fields": {
    "problem": "40cd0195-fee7-40d1-ac38-6ec81c6967c0",
    "url": "https://www.tutorialspoint.com/Convert-Infix-to-Postfix-Expression"
  }
},
{
  "model": "problems.problemurl",
  "pk": 32,
  "fields": {
    "problem": "c7aec1f5-ae76-4be4-bca7-0b2597f5b299",
    "url": "https://www.codewhoop.com/queue/queue-using-array.html"
  }
},
{
  "model": "problems.problemurl",
  "pk": 33,
  "fields": {
    "problem": "c7aec1f5-ae76-4be4-bca7-0b2597f5b299",
    "url": "https://www.simplilearn.com/tutorials/data-structure-tutorial/queue-implementation-using-array"
  }
},
{
  "model": "problems.problemurl",
  "pk": 34,
  "fields": {
    "problem": "95b24eb1-4544-4c02-9878-cdf61b7b63cc",
    "url": "https://www.youtube.com/embed/4OQeCuLYj-4"
  }
},
{
  "model": "problems.problemurl",
  "pk": 35,
  "fields": {
    "problem": "54894092-a58b-4c7c-851a-68847033fcc5",
    "url": "https://www.geeksforgeeks.org/kruskals-minimum-spanning-tree-algorithm-greedy-algo-2/"
  }
},
{
  "model": "problems.problemurl",
  "pk": 36,
  "fields": {
    "problem": "f21ea285-ce41-4160-8c22-36c0bf4a3f49",
    "url": "https://www.geeksforgeeks.org/kruskals-minimum-spanning-tree-algorithm-greedy-algo-2/"
  }
},
{
  "model": "problems.problemurl",
  "pk": 37,
  "fields": {
    "problem": "ef439328-d1fe-4319-b2e1-152465eedb30",
    "url": "https://www.geeksforgeeks.org/bubble-sort/"
  }
},
{
  "model": "problems.problemurl",
  "pk": 38,
  "fields": {
    "problem": "ef439328-d1fe-4319-b2e1-152465eedb30",
    "url": "https://www.programiz.com/dsa/bubble-sort"
  }
},
{
  "model": "problems.problemurl",
  "pk": 39,
  "fields": {
    "problem": "fd4e0df6-e1e4-45b3-bc6f-a84497a8addc",
    "url": "https://www.geeksforgeeks.org/selection-sort/"
  }
},
{
  "model": "problems.problemurl",
  "pk": 40,
  "fields": {
    "problem": "fd4e0df6-e1e4-45b3-bc6f-a84497a8addc",
    "url": "https://www.programiz.com/dsa/selection-sort"
  }
},
{
  "model": "problems.problemurl",
  "pk": 41,
  "fields": {
    "problem": "18def36b-83b8-442b-8c0e-c79b8776f786",
    "url": "https://www.khanacademy.org/computing/computer-science/algorithms/insertion-sort/a/insertion-sort"
  }
},
{
  "model": "problems.problemurl",
  "pk": 42,
  "fields": {
    "problem": "18def36b-83b8-442b-8c0e-c79b8776f786",
    "url": "https://www.geeksforgeeks.org/insertion-sort/"
  }
},
{
  "model": "problems.problemurl",
  "pk": 43,
  "fields": {
    "problem": "fa90b37f-98fb-4df1-9369-d57a3ca0aecc",
    "url": "https://www.khanacademy.org/computing/computer-science/algorithms/binary-search/a/binary-search"
  }
},
{
  "model": "problems.problemurl",
  "pk": 44,
  "fields": {
    "problem": "fa90b37f-98fb-4df1-9369-d57a3ca0aecc",
    "url": "https://www.topcoder.com/thrive/articles/Binary%20Search"
  }
},
{
  "model": "problems.problemurl",
  "pk": 45,
  "fields": {
    "problem": "fa90b37f-98fb-4df1-9369-d57a3ca0aecc",
    "url": "https://www.hackerearth.com/practice/algorithms/searching/binary-search/tutorial/"
  }
},
{
  "model": "problems.problemurl",
  "pk": 46,
  "fields": {
    "problem": "75752185-0676-4d1d-9085-1e02d3248ee1",
    "url": "https://www.guru99.com/fcfs-scheduling.html"
  }
},
{
  "model": "problems.problemurl",
  "pk": 47,
  "fields": {
    "problem": "904e5fa8-ddaf-44f0-989c-a02315cfb6ac",
    "url": "https://www.guru99.com/shortest-job-first-sjf-scheduling.html#:~:text=What%20is%20Shortest%20Job%20First,for%20other%20processes%20awaiting%20execution."
  }
}
]
